<?xml version="1.0" encoding="UTF-8" ?>
<!DOCTYPE ibatorConfiguration PUBLIC "-//Apache Software Foundation//DTD Apache iBATIS Ibator Configuration 1.0//EN"
	 "http://ibatis.apache.org/dtd/ibator-config_1_0.dtd" >
<ibatorConfiguration >
  <classPathEntry location="D:/repository/mysql/mysql-connector-java/5.1.33/mysql-connector-java-5.1.33.jar" /> 
  <ibatorContext id="context1" >
    <jdbcConnection driverClass="com.mysql.jdbc.Driver"
      connectionURL="jdbc:mysql://192.168.20.72:3306/ortest" userId="ortest_user" password="ortest_user" />
    <javaModelGenerator targetPackage="com.yihaodian.mobile.service.domain.business.dal.backend" targetProject="mobile-service-domain" />
    <sqlMapGenerator targetPackage="com.yihaodian.mobile.service.dal.business.mapper.backend" targetProject="mobile-service-dal" />
    <daoGenerator targetPackage="com.yihaodian.mobile.service.dal.business.java.backend" targetProject="mobile-service-dal" type="GENERIC-CI" />
    <table schema="ortest" tableName="point_exchange_log" domainObjectName="PointExchangeLog">
    </table>
  </ibatorContext>
</ibatorConfiguration>
