<?xml version="1.0" encoding="UTF-8"?>
<beans xmlns="http://www.springframework.org/schema/beans"
	xmlns:xsi="http://www.w3.org/2001/XMLSchema-instance" xmlns:aop="http://www.springframework.org/schema/aop"
	xmlns:util="http://www.springframework.org/schema/util"
	xsi:schemaLocation="http://www.springframework.org/schema/beans http://www.springframework.org/schema/beans/spring-beans-2.0.xsd 
	http://www.springframework.org/schema/aop http://www.springframework.org/schema/aop/spring-aop-2.0.xsd 
	http://www.springframework.org/schema/util http://www.springframework.org/schema/util/spring-util-2.0.xsd ">
	
	<bean id="propertyConfigurer_mobilecentralClient"
          class="com.yihaodian.configcentre.client.utils.YccGlobalPropertyConfigurer">
        <property name="ignoreUnresolvablePlaceholders" value="true"/>
        <property name="envOverride" value="false"/>
        
        <property name="locations">
            <list>
                <value>mobilecentral_hedwig.properties</value>
            </list>
        </property>
        <property name="poolId">
            <value>yihaodian/mobile-service-content</value>
        </property>
        
    </bean>

	<bean id="centralMobileClientSpringBeanProxy"
		class="com.yihaodian.mobile.hedwig.client.util.CentralMobileClientSpringBeanProxy" />
		
	<bean id="defaultBaseHedwigBeanService" class="com.yihaodian.architecture.hedwig.client.HedwigClientFactoryBean"  abstract="true" depends-on="propertyConfigurer_mobilecentralClient">
		<property name="overloadedEnable" value="true"></property>
		<property name="domainName" value="centralmobile"></property>
		<property name="serviceAppName" value="centralmobile"></property>
		<property name="serviceVersion" value="${mobilecentral_serviceVersion}"></property>
		<property name="timeout" value="${mobilecentral_hedwig_default_refresh_timeout}"></property>
		<!-- 当有Nginx代理时配置 -->
		<property name="chunkedPost" value="false"></property>
		<!--网络超时配置 -->
		<property name="readTimeout" value="${mobilecentral_hedwig_default_read_timeout}"></property>
	</bean>
	
	<import resource="hedwig-client.xml"/>
	<import resource="hedwig-ext.xml"/>
	<import resource="hedwig-group.xml"/>
	<import resource="hedwig-venus.xml"/>
</beans>