<?xml version="1.0" encoding="UTF-8"?>
<beans xmlns="http://www.springframework.org/schema/beans"
	xmlns:xsi="http://www.w3.org/2001/XMLSchema-instance" xmlns:aop="http://www.springframework.org/schema/aop"
	xmlns:util="http://www.springframework.org/schema/util"
	xsi:schemaLocation="http://www.springframework.org/schema/beans http://www.springframework.org/schema/beans/spring-beans-2.0.xsd 
	http://www.springframework.org/schema/aop http://www.springframework.org/schema/aop/spring-aop-2.0.xsd 
	http://www.springframework.org/schema/util http://www.springframework.org/schema/util/spring-util-2.0.xsd ">


	<!-- 查询用户信息 -->
	<bean id="mobileUserHessianCall" parent="defaultBaseHedwigBeanService">
		<property name="serviceInterface"
			value="com.yihaodian.mobile.hedwig.push.spi.MobileUserInfoFacdeService" />
		<property name="serviceName" value="mobileUserInfoService"></property>
	</bean>
	<bean id="mobileUserClientService"
		class="com.yihaodian.mobile.hedwig.client.mobileUser.service.impl.MobileUserClientServiceImpl">
		<property name="mobileUserHessianCall">
			<ref bean="mobileUserHessianCall" />
		</property>
	</bean>

	<!-- 微信 -->
	<bean id="weChatHessianCall" parent="defaultBaseHedwigBeanService">
		<property name="serviceInterface"
			value="com.yihaodian.mobile.hedwig.push.spi.WeChatFacdeService" />
		<property name="serviceName" value="mobileContentWeChatService"></property>
	</bean>
	<bean id="weChatClientService"
		class="com.yihaodian.mobile.hedwig.client.WeChat.service.impl.WeChatClientServiceImpl">
		<property name="weChatHessianCall">
			<ref bean="weChatHessianCall" />
		</property>
	</bean>

	<!-- 微信卡包 -->
	<bean id="weChatCouponHessianCall" parent="defaultBaseHedwigBeanService">
		<property name="serviceInterface"
			value="com.yihaodian.mobile.service.facade.business.wechat.WechatCouponService" />
		<property name="serviceName" value="wechatCouponService"></property>
	</bean>
	<bean id="weChatCouponClientService"
		class="com.yihaodian.mobile.hedwig.client.WeChat.service.impl.WechatCouponClientServiceImpl">
		<property name="weChatCouponHessianCall">
			<ref bean="weChatCouponHessianCall" />
		</property>
	</bean>

	
	<!-- 门店 -->
	<bean id="shopBrandHessianCall" parent="defaultBaseHedwigBeanService">
		<property name="serviceInterface"
			value="com.yihaodian.mobile.hedwig.push.spi.ShopBrandFacdeService" />
		<property name="serviceName" value="shopBrandFacdeService"></property>
	</bean>
	<bean id="shopBrandClientService"
		class="com.yihaodian.mobile.hedwig.client.shop.impl.ShopBrandClientServiceImpl">
		<property name="shopBrandHessianCall">
			<ref bean="shopBrandHessianCall" />
		</property>
	</bean>

	<!-- 促销游戏 -->
	<bean id="promotionGameHessianCall" parent="defaultBaseHedwigBeanService">
		<property name="serviceInterface"
			value="com.yihaodian.mobile.hedwig.push.spi.IPromotionGameService" />
		<property name="serviceName" value="promotionGameService"></property>
	</bean>
	<bean id="promotionGameClientService"
		class="com.yihaodian.mobile.hedwig.client.impl.rock.PromotionGameClientServiceImpl">
		<property name="promotionGameHessianCall">
			<ref bean="promotionGameHessianCall" />
		</property>
	</bean>

	<!-- 首页类目改版 -->
	<bean id="navigationCategoryServiceHessianCall" parent="defaultBaseHedwigBeanService">
		<property name="serviceInterface"
			value="com.yihaodian.mobile.service.facade.business.navigationcategory.INavigationCategoryService" />
		<property name="serviceName" value="navigationCategoryService"></property>
	</bean>
	<bean id="navigationCategoryClientService"
		class="com.yihaodian.mobile.hedwig.client.service.navigationcategory.NavigationCategoryClientService">
		<property name="navigationCategoryServiceHessianCall">
			<ref bean="navigationCategoryServiceHessianCall" />
		</property>
	</bean>

	

	<!-- 周年庆红包 -->
	<bean id="anniversaryRedPacketHessianCall" parent="defaultBaseHedwigBeanService">
		<property name="serviceInterface"
			value="com.yihaodian.mobile.service.facade.business.redpacket.IAnniversaryRedPacketService" />
		<property name="serviceName" value="anniversaryRedPacketService"></property>
	</bean>
	<bean id="anniversaryRedPacketClientService"
		class="com.yihaodian.mobile.service.client.redpacket.service.impl.AnniversaryRedPacketClientServiceImpl">
		<property name="anniversaryRedPacketHessianCall">
			<ref bean="anniversaryRedPacketHessianCall" />
		</property>
	</bean>

	<!-- BI查询首页数据 -->
	<bean id="biVisualHessianCall" parent="defaultBaseHedwigBeanService">
		<property name="serviceInterface"
			value="com.yihaodian.mobile.hedwig.push.spi.BIVisualFacdeService" />
		<property name="serviceName" value="biVisualFacdeService"></property>
	</bean>
	<bean id="biVisualClientService"
		class="com.yihaodian.mobile.hedwig.client.bivisual.impl.BIVisualClientServiceImpl">
		<property name="biVisualHessianCall">
			<ref bean="biVisualHessianCall" />
		</property>
	</bean>

	<!-- 有奖更新 -->
	<bean id="updateAwardHessianCall" parent="defaultBaseHedwigBeanService">
		<property name="serviceInterface"
			value="com.yihaodian.mobile.hedwig.push.spi.UpdateAwardService" />
		<property name="serviceName" value="updateAwardService"></property>
	</bean>
	<bean id="updateAwardClientService"
		class="com.yihaodian.mobile.hedwig.client.update.UpdateAwardClientServiceImpl">
		<property name="updateAwardHessianCall">
			<ref bean="updateAwardHessianCall" />
		</property>
	</bean>

	<!-- 双十一红包分享 -->
	<bean id="redShareHessianCall" parent="defaultBaseHedwigBeanService">
		<property name="serviceInterface"
			value="com.yihaodian.mobile.hedwig.push.spi.IRedShareService" />
		<property name="serviceName" value="redShareService"></property>
	</bean>
	<bean id="redShareClientService"
		class="com.yihaodian.mobile.hedwig.client.redshare.RedShareClientService">
		<property name="redShareHessianCall">
			<ref bean="redShareHessianCall" />
		</property>
	</bean>

	

	<!-- downloadpage service -->
	<bean id="downloadPageHessianCall" parent="defaultBaseHedwigBeanService">
		<property name="serviceInterface"
			value="com.yihaodian.mobile.service.facade.downloadpage.spi.IDownloadPageService" />
		<property name="serviceName" value="downloadPageService"></property>
	</bean>
	<bean id="downloadPageClientService"
		class="com.yihaodian.mobile.hedwig.client.impl.downloadpage.DownloadPageClientService">
		<property name="downloadPageHessianCall">
			<ref bean="downloadPageHessianCall" />
		</property>
	</bean>


	<!-- lottery ticket service -->
	<bean id="lotteryTicketsHessianCall" parent="defaultBaseHedwigBeanService">
		<property name="serviceInterface"
			value="com.yihaodian.mobile.service.facade.lottery.spi.ILotteryTicketService" />
		<property name="serviceName" value="lotteryTicketService"></property>
	</bean>
	<bean id="lotteryTicketsClientService"
		class="com.yihaodian.mobile.hedwig.client.impl.lottery.LotteryTicketsClientServiceImpl">
		<property name="lotteryTicketsHessianCall">
			<ref bean="lotteryTicketsHessianCall" />
		</property>
	</bean>

	<!-- product sign service -->
	<bean id="productSignHessianCall" parent="defaultBaseHedwigBeanService">
		<property name="serviceInterface"
			value="com.yihaodian.mobile.service.facade.product.spi.IProductSignService" />
		<property name="serviceName" value="productSignService"></property>
	</bean>
	<bean id="productSignClientService"
		class="com.yihaodian.mobile.hedwig.client.impl.product.ProductSignClientService">
		<property name="productSignHessianCall">
			<ref bean="productSignHessianCall" />
		</property>
	</bean>

	<!-- reward service -->
	<bean id="rewardHessianCall" parent="defaultBaseHedwigBeanService">
		<property name="serviceInterface"
			value="com.yihaodian.mobile.service.facade.reward.spi.IRewardService" />
		<property name="serviceName" value="rewardService"></property>
	</bean>
	<bean id="rewardClientService"
		class="com.yihaodian.mobile.hedwig.client.impl.reward.RewardClientService">
		<property name="rewardHessianCall">
			<ref bean="rewardHessianCall" />
		</property>
	</bean>

	<!-- share coupon service -->
	<bean id="shareCouponHessianCall" parent="defaultBaseHedwigBeanService">
		<property name="serviceInterface"
			value="com.yihaodian.mobile.service.facade.sharecoupon.spi.IShareCouponService" />
		<property name="serviceName" value="shareBusinessService"></property>
	</bean>
	<bean id="shareCouponClientService"
		class="com.yihaodian.mobile.hedwig.client.service.sharecoupon.ShareCouponClientService">
		<property name="shareCouponHessianCall">
			<ref bean="shareCouponHessianCall" />
		</property>
	</bean>

	<!-- message center service -->
	<bean id="messageCenterHessianCall" parent="defaultBaseHedwigBeanService">
		<property name="serviceInterface"
			value="com.yihaodian.mobile.service.facade.business.message.MessageCenterService" />
		<property name="serviceName" value="messageCenterService"></property>
	</bean>
	<bean id="messageCenterClientService"
		class="com.yihaodian.mobile.service.client.message.service.impl.MessageCenterClientServiceImpl">
		<property name="messageCenterHessianCall">
			<ref bean="messageCenterHessianCall" />
		</property>
	</bean>


	<!-- mobile coupon service -->
	<bean id="mobileCouponHessianCall" parent="defaultBaseHedwigBeanService">
		<property name="serviceInterface"
			value="com.yihaodian.mobile.service.facade.coupon.IMobileCouponFacadeService" />
		<property name="serviceName" value="mobileCouponService"></property>
	</bean>
	<bean id="mobileCouponClientService"
		class="com.yihaodian.mobile.hedwig.client.service.coupon.MobileCouponClientService">
		<property name="mobileCouponHessianCall">
			<ref bean="mobileCouponHessianCall" />
		</property>
	</bean>

	<!-- 推送service -->
	<bean id="pushServiceHessianCall" parent="defaultBaseHedwigBeanService">
		<property name="serviceInterface"
			value="com.yihaodian.mobile.service.facade.business.push.PushService" />
		<property name="domainName" value="mobilepush"></property>
		<property name="serviceAppName" value="mobilepush"></property>
		<property name="serviceName" value="pushService"></property>
	</bean>
	<bean id="pushClientService"
		class="com.yihaodian.mobile.service.client.push.service.impl.PushClientService">
		<property name="pushServiceHessianCall">
			<ref bean="pushServiceHessianCall" />
		</property>
	</bean>


	<!-- 吃货订单 2015年4月23日16:49:33 -->
	<bean id="foodieBillHessianCall" parent="defaultBaseHedwigBeanService">
		<property name="serviceName" value="foodieBillService"></property>
		<property name="serviceInterface"
			value="com.yihaodian.mobile.service.facade.business.foodieBill.IFoodieBillService" />
	</bean>
	<bean id="foodieBillHedwService"
		class="com.yihaodian.mobile.hedwig.client.impl.foodieBill.FoodieBillClientServiceImpl">
		<property name="foodieBillHessianCall">
			<ref bean="foodieBillHessianCall" />
		</property>
	</bean>
	<!-- 吃货订单 2015年4月23日16:49:33 end -->



	<!-- FlashPurchaseService -->
	<bean id="flashPurchaseHessianCall" parent="defaultBaseHedwigBeanService">
		<property name="serviceInterface"
			value=" com.yihaodian.mobile.service.facade.content.spi.FlashPurchaseService" />
		<property name="serviceName" value="flashPurchaseService"></property>
	</bean>
	<bean id="flashPurchaseClientService"
		class="com.yihaodian.mobile.hedwig.client.service.content.impl.FlashPurchaseClientServiceImpl">
		<property name="flashPurchaseHessianCall">
			<ref bean="flashPurchaseHessianCall" />
		</property>
	</bean>


	<!-- maps -->
	<bean id="mapsFrontServiceHessianCall" parent="defaultBaseHedwigBeanService">
		<property name="serviceInterface"
			value="com.yihaodian.mobile.service.map.spi.MapsFrontService" />
		<property name="serviceName" value="mapsFrontService"></property>
	</bean>
	<bean id="mapsFrontClientService"
		class="com.yihaodian.mobile.service.client.maps.service.impl.MapsFrontClientService">
		<property name="mapsFrontServiceHessianCall">
			<ref bean="mapsFrontServiceHessianCall" />
		</property>
	</bean>

	<!-- productService -->
	<bean id="productHessiancall" parent="defaultBaseHedwigBeanService">
		<property name="serviceInterface"
			value="com.yihaodian.mobile.service.hedwig.core.service.spi.ProductService" />
		<property name="serviceName" value="productServiceMobile"></property>
	</bean>
	<bean id="productClientService"
		class="com.yihaodian.mobile.hedwig.client.service.impl.ProductClientServiceImpl">
		<property name="productHessiancall">
			<ref bean="productHessiancall" />
		</property>
	</bean>

	<!-- alipayService -->
	<bean id="alipayHessianCall" parent="defaultBaseHedwigBeanService">
		<property name="serviceInterface"
			value="com.yihaodian.mobile.service.hedwig.core.service.spi.AlipayService" />
		<property name="serviceName" value="alipayService"></property>
	</bean>
	<bean id="alipayService"
		class="com.yihaodian.mobile.hedwig.client.service.impl.AlipayClientServiceImpl">
		<property name="alipayHessianCall">
			<ref bean="alipayHessianCall" />
		</property>
	</bean>


	<!-- orderService -->
	<bean id="orderHessiancall" parent="defaultBaseHedwigBeanService">
		<property name="serviceInterface"
			value="com.yihaodian.mobile.service.hedwig.core.service.spi.OrderService" />
		<property name="serviceName" value="orderService"></property>
	</bean>
	<bean id="mobileForOrderService"
		class="com.yihaodian.mobile.hedwig.client.service.impl.OrderClientServiceImpl">
		<property name="orderHessiancall">
			<ref bean="orderHessiancall" />
		</property>
	</bean>

	<!-- couponService -->
	<bean id="couponMobileHessianCall" parent="defaultBaseHedwigBeanService">
		<property name="serviceInterface"
			value="com.yihaodian.mobile.service.hedwig.core.service.spi.ICouponService" />
		<property name="serviceName" value="couponMobileServiceMobile"></property>
	</bean>
	<bean id="couponMobileClientService"
		class="com.yihaodian.mobile.hedwig.client.service.impl.CouponClientServiceImpl">
		<property name="couponMobileHessianCall">
			<ref bean="couponMobileHessianCall" />
		</property>
	</bean>
	<!-- PromotionService -->
	<bean id="promotionHessiancall" parent="defaultBaseHedwigBeanService">
		<property name="serviceInterface"
			value="com.yihaodian.mobile.service.hedwig.core.service.spi.PromotionService" />
		<property name="serviceName" value="promotionServiceMobile"></property>
	</bean>
	<bean id="promotionService"
		class="com.yihaodian.mobile.hedwig.client.service.impl.PromotionClientServiceImpl">
		<property name="promotionHessiancall">
			<ref bean="promotionHessiancall" />
		</property>
	</bean>
	<!-- MonkeyService -->
	<bean id="monkeyHessiancall" parent="defaultBaseHedwigBeanService">
		<property name="serviceInterface"
			value="com.yihaodian.mobile.service.hedwig.core.service.spi.MonkeyService" />
		<property name="serviceName" value="monkeyService"></property>
	</bean>
	<bean id="monkeyClientService"
		class="com.yihaodian.mobile.hedwig.client.service.impl.MonkeyClientServiceImpl">
		<property name="monkeyHessiancall">
			<ref bean="monkeyHessiancall" />
		</property>
	</bean>
	<!-- PromotionService -->
	<bean id="seckillHessiancall" parent="defaultBaseHedwigBeanService">
		<property name="serviceInterface"
			value="com.yihaodian.mobile.service.facade.SeckillProductService" />
		<property name="serviceName" value="seckillServiceMobile"></property>
	</bean>
	<bean id="seckillClientService"
		class="com.yihaodian.mobile.hedwig.client.service.SeckillProductClientService">
		<property name="seckillHessiancall">
			<ref bean="seckillHessiancall" />
		</property>
	</bean>


	<!-- intergralWallService -->
	<bean id="intergralWallHessianCall" parent="defaultBaseHedwigBeanService">
		<property name="serviceInterface"
			value="com.yihaodian.mobile.service.facade.business.integral.IintergralWallService" />
		<property name="serviceName" value="intergralWallService"></property>
	</bean>
	<bean id="intergralWallClientService"
		class="com.yihaodian.mobile.hedwig.client.service.impl.IntergralWallClientServiceImpl">
		<property name="intergralWallHessianCall">
			<ref bean="intergralWallHessianCall" />
		</property>
	</bean>
	<!-- questionnaireService -->
	<bean id="questionnaireHessianCall" parent="defaultBaseHedwigBeanService">
		<property name="serviceInterface"
			value="com.yihaodian.mobile.service.facade.business.questionnaire.QuestionnaireService" />
		<property name="serviceName" value="questionnaireService"></property>
	</bean>
	<bean id="questionnaireClientService"
		class="com.yihaodian.mobile.hedwig.client.service.impl.QuestionnaireClientServiceImpl">
		<property name="questionnaireHessianCall">
			<ref bean="questionnaireHessianCall" />
		</property>
	</bean>
	<!-- MiracleService -->
	<bean id="miracleHessiancall" parent="defaultBaseHedwigBeanService">
		<property name="serviceInterface"
			value="com.yihaodian.mobile.service.hedwig.core.service.spi.MiracleService" />
		<property name="serviceName" value="miracleService"></property>
	</bean>
	<bean id="miracleService"
		class="com.yihaodian.mobile.hedwig.client.service.impl.MiracleClientServiceImpl">
		<property name="miracleHessiancall">
			<ref bean="miracleHessiancall" />
		</property>
	</bean>

	<!-- UserPassport -->
	<bean id="userPassportHessianCall" parent="defaultBaseHedwigBeanService">
		<property name="serviceInterface"
			value="com.yihaodian.mobile.service.hedwig.core.service.spi.UserPassport" />
		<property name="serviceName" value="userPassport"></property>
	</bean>
	<bean id="userPassport"
		class="com.yihaodian.mobile.hedwig.client.service.impl.UserPassportClientServiceImpl">
		<property name="userPassportHessianCall">
			<ref bean="userPassportHessianCall" />
		</property>
	</bean>
	<!-- Alipaysign -->
	<bean id="alipaySignHessianCall" parent="defaultBaseHedwigBeanService">
		<property name="serviceInterface"
			value="com.yihaodian.mobile.service.alipay.spi.IAlipaySignService" />
		<property name="serviceName" value="alipaySignService"></property>
	</bean>
	<bean id="alipaySignService"
		class="com.yihaodian.mobile.hedwig.client.service.alipay.AlipaySignClientService">
		<property name="alipaySignHessianCall">
			<ref bean="alipaySignHessianCall" />
		</property>
	</bean>

	<!-- 下单红包 -->
	<bean id="orderRedHessianCall" parent="defaultBaseHedwigBeanService">
		<property name="serviceInterface"
			value="com.yihaodian.mobile.hedwig.push.spi.IOrderRedService" />
		<property name="serviceName" value="orderRedService"></property>
	</bean>
	<bean id="orderRedClientService"
		class="com.yihaodian.mobile.hedwig.client.redshare.OrderRedClientService">
		<property name="orderRedHessianCall">
			<ref bean="orderRedHessianCall" />
		</property>
	</bean>

	<!-- <bean id="jpegImageHessianCall" parent="defaultBaseHedwigBeanService">
		<property name="serviceInterface"
			value="com.yihaodian.mobile.service.facade.image.IJpegImageService" />
		<property name="serviceName" value="jpegImageService"></property>
	</bean>
	<bean id="jpegImageClientService"
		class="com.yihaodian.mobile.hedwig.client.service.jpegimg.JpegImageClientService">
		<property name="jpegImageHessianCall">
			<ref bean="jpegImageHessianCall" />
		</property>
	</bean> -->


</beans>