<?xml version="1.0" encoding="UTF-8"?>
<beans xmlns="http://www.springframework.org/schema/beans"
	xmlns:xsi="http://www.w3.org/2001/XMLSchema-instance" xmlns:aop="http://www.springframework.org/schema/aop"
	xmlns:util="http://www.springframework.org/schema/util"
	xsi:schemaLocation="http://www.springframework.org/schema/beans http://www.springframework.org/schema/beans/spring-beans-2.0.xsd 
	http://www.springframework.org/schema/aop http://www.springframework.org/schema/aop/spring-aop-2.0.xsd 
	http://www.springframework.org/schema/util http://www.springframework.org/schema/util/spring-util-2.0.xsd ">

	<bean id="appPushHessianCall" parent="defaultBaseHedwigBeanService"
		depends-on="propertyConfigurer_mobilecentralClient">
		<property name="serviceInterface"
			value="com.yihaodian.mobile.hedwig.push.spi.AppPushFacdeService" />
		<property name="domainName" value="mobilepush"></property>
		<property name="serviceAppName" value="mobilepush"></property>
		<!-- 与服务端配置的bean name相同 -->
		<property name="serviceName" value="appPushService"></property>
	</bean>
	<bean id="appPushClientService"
		class="com.yihaodian.mobile.hedwig.client.push.service.impl.AppPushClientServiceImpl">
		<property name="appPushHessianCall">
			<ref bean="appPushHessianCall" />
		</property>
	</bean>
	
	
	<!-- 微信扫码2016-3 默认超时20秒 -->
	<bean id="scanHessianCall" parent="defaultBaseHedwigBeanService">
		<property name="serviceInterface"
			value="com.yihaodian.mobile.hedwig.push.spi.IScanService" />
		<property name="serviceName" value="scanService"></property>
		<property name="timeout" value="30000"></property>
		<property name="readTimeout" value="20000"></property>
	</bean>
	<bean id="scanClientService"
		class="com.yihaodian.mobile.hedwig.client.service.weixin.ScanClientService">
		<property name="scanHessianCall">
			<ref bean="scanHessianCall" />
		</property>
	</bean>
</beans>