<?xml version="1.0" encoding="UTF-8"?>
<beans xmlns="http://www.springframework.org/schema/beans"
	xmlns:xsi="http://www.w3.org/2001/XMLSchema-instance" xmlns:aop="http://www.springframework.org/schema/aop"
	xmlns:util="http://www.springframework.org/schema/util"
	xsi:schemaLocation="http://www.springframework.org/schema/beans http://www.springframework.org/schema/beans/spring-beans-2.0.xsd 
	http://www.springframework.org/schema/aop http://www.springframework.org/schema/aop/spring-aop-2.0.xsd 
	http://www.springframework.org/schema/util http://www.springframework.org/schema/util/spring-util-2.0.xsd ">
	
	<!-- 摇一摇 -->
	<bean id="rockHessianCall" parent="defaultBaseHedwigBeanService">
		<property name="serviceInterface"
			value="com.yihaodian.mobile.hedwig.push.spi.IRockService" />
		<property name="serviceName" value="rockService"></property>
		<property name="groupName" value="mobgroup"></property>
	</bean>
	<bean id="rockClientService"
		class="com.yihaodian.mobile.hedwig.client.impl.rock.RockClientServiceImpl">
		<property name="rockHessianCall">
			<ref bean="rockHessianCall" />
		</property>
	</bean>

	<!-- 游戏 -->
	<bean id="gameHessianCall" parent="defaultBaseHedwigBeanService">
		<property name="serviceInterface"
			value="com.yihaodian.mobile.hedwig.push.spi.IGameService" />
		<property name="serviceName" value="gameService"></property>
		<property name="groupName" value="mobgroup"></property>
	</bean>
	<bean id="gameClientService"
		class="com.yihaodian.mobile.hedwig.client.impl.rock.GameClientServiceImpl">
		<property name="gameHessianCall">
			<ref bean="gameHessianCall" />
		</property>
	</bean>
	
	<!-- 生命树游戏 -->
	<bean id="treeHessianCall" parent="defaultBaseHedwigBeanService">
		<property name="serviceInterface"
			value="com.yihaodian.mobile.hedwig.push.spi.ITreeService" />
		<property name="serviceName" value="treeService"></property>
		<property name="groupName" value="mobgroup"></property>
	</bean>
	<bean id="treeClientService"
		class="com.yihaodian.mobile.hedwig.client.impl.tree.TreeClientServiceImpl">
		<property name="treeHessianCall">
			<ref bean="treeHessianCall" />
		</property>
	</bean>
	
	<bean id="homePageGameHessianCall" parent="defaultBaseHedwigBeanService">
		<property name="serviceInterface"
			value="com.yihaodian.mobile.service.facade.business.homegame.HomePageGameService" />
		<property name="serviceName" value="homePageGameService"></property>
		<property name="groupName" value="mobgroup"></property>
	</bean>
	<bean id="homePageGameClientService"
		class="com.yihaodian.mobile.hedwig.client.homegame.HomePageGameClientService">
		<property name="homePageGameHessianCall">
			<ref bean="homePageGameHessianCall" />
		</property>
	</bean>
</beans>