<?xml version="1.0" encoding="UTF-8"?>
<beans xmlns="http://www.springframework.org/schema/beans"
	xmlns:xsi="http://www.w3.org/2001/XMLSchema-instance" xmlns:aop="http://www.springframework.org/schema/aop"
	xmlns:util="http://www.springframework.org/schema/util"
	xsi:schemaLocation="http://www.springframework.org/schema/beans http://www.springframework.org/schema/beans/spring-beans-2.0.xsd 
	http://www.springframework.org/schema/aop http://www.springframework.org/schema/aop/spring-aop-2.0.xsd 
	http://www.springframework.org/schema/util http://www.springframework.org/schema/util/spring-util-2.0.xsd ">

	<bean id="venusBaseHedwigBeanService" abstract="true" parent="defaultBaseHedwigBeanService">
		<property name="readTimeout" value="${mobilecentral_hedwig_venus_read_timeout}"></property>
	</bean>
	
	<!-- scratchService -->
	<bean id="scratchHessianCall" parent="venusBaseHedwigBeanService">
		<property name="serviceInterface"
			value="com.yihaodian.mobile.service.facade.content.spi.ScratchService" />
		<property name="serviceName" value="scratchService"></property>
	</bean>
	<bean id="scratchService"
		class="com.yihaodian.mobile.hedwig.client.service.content.impl.ScratchClientServiceImpl">
		<property name="scratchHessionCall">
			<ref bean="scratchHessianCall" />
		</property>
	</bean>
	
	
	<!-- mobileProfileService -->
	<bean id="mobileProfileHessianCall" parent="venusBaseHedwigBeanService">
		<property name="serviceInterface"
			value="com.yihaodian.mobile.service.hedwig.core.service.spi.MobileProfileService" />
		<property name="serviceName" value="mobileProfileService"></property>
	</bean>
	<bean id="mobileProfileService"
		class="com.yihaodian.mobile.hedwig.client.service.impl.MobileProfileClientServiceImpl">
		<property name="mobileProfileHessianCall">
			<ref bean="mobileProfileHessianCall" />
		</property>
	</bean>
	
	
	<!-- homePageService -->
	<bean id="homePageHessianCall" parent="venusBaseHedwigBeanService">
		<property name="serviceInterface"
			value="com.yihaodian.mobile.hedwig.push.spi.HomePageService" />
		<property name="serviceName" value="homePageService"></property>
	</bean>
	<bean id="homePageClientService"
		class="com.yihaodian.mobile.hedwig.client.service.impl.HomePageClientServiceImpl">
		<property name="homePageHessianCall">
			<ref bean="homePageHessianCall" />
		</property>
	</bean>
	
	<!-- CMS分享 -->
	<bean id="advertisementShareHessianCall" parent="venusBaseHedwigBeanService">
		<property name="serviceInterface"
			value="com.yihaodian.mobile.service.facade.business.advertisement.AdvertisementShareService" />
		<property name="serviceName" value="advertisementShareService"></property>
	</bean>
	<bean id="advertisementShareClientService"
		class="com.yihaodian.mobile.service.client.advertisement.service.impl.AdvertisementShareClientServiceImpl">
		<property name="advertisementShareHessianCall">
			<ref bean="advertisementShareHessianCall" />
		</property>
	</bean>
	
	<!-- 2.0 service -->
	<bean id="wl2HessianCall" parent="venusBaseHedwigBeanService">
		<property name="serviceInterface"
			value="com.yihaodian.mobile.service.wl2.spi.IWl2Service" />
		<property name="serviceName" value="wl2Service"></property>
	</bean>
	<bean id="wl2ClientService"
		class="com.yihaodian.mobile.hedwig.client.impl.wl2.Wl2ServiceClientServiceImpl">
		<property name="wl2HessianCall">
			<ref bean="wl2HessianCall" />
		</property>
	</bean>

	<!-- app首页精准化广告 -->
	<bean id="precisionHomePageADHessianCall" parent="venusBaseHedwigBeanService">
		<property name="serviceInterface"
			value="com.yihaodian.mobile.service.facade.business.advertisement.IPrecisionHomePageService" />
		<property name="serviceName" value="precisionHomePageService"></property>
	</bean>
	<bean id="precisionHomePageADClientService"
		class="com.yihaodian.mobile.service.client.advertisement.service.impl.PrecisionHomePageADClientService">
		<property name="precisionHomePageADHessianCall">
			<ref bean="precisionHomePageADHessianCall" />
		</property>
	</bean>
	
	<!-- app错误日志 -->
	<bean id="userHessianCall" parent="venusBaseHedwigBeanService">
		<property name="serviceInterface"
			value="com.yihaodian.mobile.service.user.spi.UserFacadeService" />
		<property name="serviceName" value="userServiceMobile"></property>
	</bean>
	<bean id="userClientService"
		class="com.yihaodian.mobile.hedwig.client.service.user.impl.UserClientService">
		<property name="userHessianCall">
			<ref bean="userHessianCall" />
		</property>
	</bean>
	
	<!-- payPre service -->
	<bean id="payPreHessianCall" parent="venusBaseHedwigBeanService">
		<property name="serviceInterface"
			value="com.yihaodian.mobile.service.facade.business.pay.IPayPreService" />
		<property name="serviceName" value="payPreService"></property>
	</bean>
	<bean id="payPreClientService"
		class="com.yihaodian.mobile.service.client.pay.service.impl.PayPreClientServiceImpl">
		<property name="payPreHessianCall">
			<ref bean="payPreHessianCall" />
		</property>
	</bean>
	
	<!-- 推送消息统计service -->
	<bean id="pushMessageStatisticsHessianCall" parent="venusBaseHedwigBeanService">
		<property name="serviceInterface"
			value="com.yihaodian.mobile.service.facade.business.push.IPushMessageStatisticsService" />
		<property name="serviceName" value="pushMessageStatisticsService"></property>
	</bean>
	<bean id="pushMessageStatisticsClientService"
		class="com.yihaodian.mobile.service.client.push.service.impl.PushMessageStatisticsClientService">
		<property name="pushMessageStatisticsHessianCall">
			<ref bean="pushMessageStatisticsHessianCall" />
		</property>
	</bean>
	
	<!-- SystemService -->
	<bean id="systemServiceHessianCall" parent="venusBaseHedwigBeanService">
		<property name="serviceInterface"
			value="com.yihaodian.mobile.service.facade.business.system.SystemService" />
		<property name="serviceName" value="systemServiceMobile"></property>
	</bean>
	<bean id="systemFacadeService"
		class="com.yihaodian.mobile.hedwig.client.service.impl.SystemClientServiceImpl">
		<property name="systemServiceHessianCall">
			<ref bean="systemServiceHessianCall" />
		</property>
	</bean>
	
	<!-- HomeService -->
	<bean id="homeHessiancall" parent="venusBaseHedwigBeanService">
		<property name="serviceInterface"
			value=" com.yihaodian.mobile.service.hedwig.core.service.spi.HomeService" />
		<property name="serviceName" value="homeServiceMobile"></property>
	</bean>
	<bean id="homeclientService"
		class="com.yihaodian.mobile.hedwig.client.service.impl.HomeClientServiceImpl">
		<property name="homeHessiancall">
			<ref bean="homeHessiancall" />
		</property>
	</bean>
	
	<!-- PromotionService -->
	<bean id="feedbackHessiancall" parent="venusBaseHedwigBeanService">
		<property name="serviceInterface"
			value="com.yihaodian.mobile.service.hedwig.core.service.spi.FeedbackService" />
		<property name="serviceName" value="feedbackService"></property>
	</bean>
	<bean id="feedbackService"
		class="com.yihaodian.mobile.hedwig.client.service.impl.FeedbackClientServiceImpl">
		<property name="feedbackHessiancall">
			<ref bean="feedbackHessiancall" />
		</property>
	</bean>
	
	
	<!-- apolloService -->
	<bean id="apolloPromotionHessianCall" parent="venusBaseHedwigBeanService">
		<property name="serviceInterface"
			value="com.yihaodian.mobile.service.facade.business.apollo.IApolloPromotionService" />
		<property name="serviceName" value="apolloPromotionService"></property>
	</bean>
	<bean id="apolloPromotionClientService"
		class="com.yihaodian.mobile.hedwig.client.service.impl.ApolloPromotionClientServiceImpl">
		<property name="apolloPromotionHessianCall">
			<ref bean="apolloPromotionHessianCall" />
		</property>
	</bean>
	
	
	<!-- 雷购 -->
	<bean id="thunderBuyHessianCall" parent="venusBaseHedwigBeanService">
		<property name="serviceInterface"
			value="com.yihaodian.mobile.service.facade.business.thunder.ThunderBuyService" />
		<property name="serviceName" value="thunderBuyService"></property>
	</bean>
	<bean id="thunderBuyClientService"
		class="com.yihaodian.mobile.hedwig.client.service.thunder.ThunderBuyClientService">
		<property name="thunderBuyHessianCall">
			<ref bean="thunderBuyHessianCall" />
		</property>
	</bean>
	
	
	<!-- 新用户抵用券 -->
	<bean id="newUserCouponHessianCall" parent="venusBaseHedwigBeanService">
		<property name="serviceInterface"
			value="com.yihaodian.mobile.service.facade.business.newuser.NewUserCouponService" />
		<property name="serviceName" value="newUserCouponService"></property>
	</bean>
	<bean id="newUserCouponClientService"
		class="com.yihaodian.mobile.hedwig.client.service.newuser.NewUserCouponClientService">
		<property name="newUserCouponHessianCall">
			<ref bean="newUserCouponHessianCall" />
		</property>
	</bean>
	
	<!-- app配置 首页搜索框默认文案 底部tab -->
	<bean id="appConfigHessianCall" parent="venusBaseHedwigBeanService">
		<property name="serviceInterface"
			value="com.yihaodian.mobile.service.facade.business.appconfig.AppConfigService" />
		<property name="serviceName" value="appConfigService"></property>
	</bean>
	<bean id="appConfigClientService"
		class="com.yihaodian.mobile.hedwig.client.service.appconfig.AppConfigClientService">
		<property name="appConfigHessianCall">
			<ref bean="appConfigHessianCall" />
		</property>
	</bean>
	
	<!-- 每日惠 -->
	<bean id="dailyBuyHessianCall" parent="venusBaseHedwigBeanService">
		<property name="serviceInterface"
			value="com.yihaodian.mobile.hedwig.push.spi.IDailyBuyService" />
		<property name="serviceName" value="dailyBuyService"></property>
	</bean>
	<bean id="dailyBuyClientService"
		class="com.yihaodian.mobile.hedwig.client.impl.dailybuy.DailyBuyClientService">
		<property name="dailyBuyHessianCall">
			<ref bean="dailyBuyHessianCall" />
		</property>
	</bean>
	
	<!--浮层拉幕广告 -->
	<bean id="curtainADHessianCall" parent="venusBaseHedwigBeanService">
		<property name="serviceInterface"
			value="com.yihaodian.mobile.service.facade.business.advertisement.CurtainAdvertisementService" />
		<property name="serviceName" value="curtainAdvertisementService"></property>
	</bean>
	<bean id="curtainADClientService"
		class="com.yihaodian.mobile.service.client.advertisement.service.impl.CurtainADClientService">
		<property name="curtainADHessianCall">
			<ref bean="curtainADHessianCall" />
		</property>
	</bean>
	
	<!--新类目广告 -->
	<bean id="categoryADHessianCall" parent="venusBaseHedwigBeanService">
		<property name="serviceInterface"
			value="com.yihaodian.mobile.service.facade.business.advertisement.CategoryAdService" />
		<property name="serviceName" value="categoryAdService"></property>
	</bean>
	<bean id="categoryAdClientService"
		class="com.yihaodian.mobile.service.client.advertisement.service.impl.CategoryAdClientService">
		<property name="categoryADHessianCall">
			<ref bean="categoryADHessianCall" />
		</property>
	</bean>
	
	<!-- 剁手价 start -->
	<bean id="cutServiceHessianCall" parent="venusBaseHedwigBeanService">
		<property name="serviceInterface"
			value="com.yihaodian.mobile.service.facade.business.cut.ICutService" />
		<property name="serviceName" value="cutService"></property>
	</bean>
	<bean id="cutClientService"
		class="com.yihaodian.mobile.hedwig.client.service.cut.CutClientService">
		<property name="cutServiceHessianCall">
			<ref bean="cutServiceHessianCall" />
		</property>
	</bean>
	<!-- 剁手价 end -->
	
	<!-- 获取ab值 devicecodeABHessianCall -->
	<bean id="devicecodeABHessianCall" parent="venusBaseHedwigBeanService">
		<property name="serviceInterface"
			value="com.yihaodian.mobile.service.facade.business.devicecodeAB.DevicecodeABService" />
		<property name="serviceName" value="devicecodeABService"></property>
	</bean>
	<bean id="devicecodeABClientService"
		class="com.yihaodian.mobile.hedwig.client.mobileUser.service.DevicecodeABClientService">
		<property name="devicecodeABHessianCall">
			<ref bean="devicecodeABHessianCall" />
		</property>
	</bean>

	<!--新广告 -->
	<bean id="adServiceHessianCall" parent="venusBaseHedwigBeanService">
		<property name="serviceInterface"
			value="com.yihaodian.mobile.service.facade.business.advertisement.AdService" />
		<property name="serviceName" value="adService"></property>
	</bean>
	<bean id="adClientService"
		class="com.yihaodian.mobile.service.client.advertisement.service.impl.AdClientService">
		<property name="adServiceHessianCall">
			<ref bean="adServiceHessianCall" />
		</property>
	</bean>

	<!-- deeplink start -->
	<bean id="deeplinkHessianCall" parent="venusBaseHedwigBeanService">
		<property name="serviceInterface"
			value="com.yihaodian.mobile.service.facade.deeplink.IDeeplinkService" />
		<property name="serviceName" value="deeplinkService"></property>
	</bean>
	<bean id="deeplinkClientService"
		class="com.yihaodian.mobile.hedwig.client.service.deeplink.DeeplinkClientService">
		<property name="deeplinkHessianCall">
			<ref bean="deeplinkHessianCall" />
		</property>
	</bean>
	<!-- deeplink end -->

	<!-- App标签动态下发 -->
	<bean id="appTagServiceHessianCall" parent="venusBaseHedwigBeanService">
		<property name="serviceInterface"
			value="com.yihaodian.mobile.service.facade.business.tag.IAppTagService" />
		<property name="serviceName" value="appTagService"></property>
	</bean>
	<bean id="appTagClientService"
		class="com.yihaodian.mobile.hedwig.client.service.tag.AppTagClientService">
		<property name="appTagServiceHessianCall">
			<ref bean="appTagServiceHessianCall" />
		</property>
	</bean>

	<!-- App动画 -->
	<bean id="appAnimationServiceHessianCall" parent="venusBaseHedwigBeanService">
		<property name="serviceInterface"
			value="com.yihaodian.mobile.service.core.business.service.AppAnimationService" />
		<property name="serviceName" value="appAnimationService"></property>
	</bean>
	<bean id="appAnimationClientService"
		class="com.yihaodian.mobile.hedwig.client.appanimation.AppAnimationClientService">
		<property name="appAnimationServiceHessianCall">
			<ref bean="appAnimationServiceHessianCall" />
		</property>
	</bean>

	<!-- cms native 主会场 -->
	<bean id="cmsNativeServiceHessianCall" parent="venusBaseHedwigBeanService">
		<property name="serviceInterface"
			value="com.yihaodian.mobile.service.cms.spi.CmsNativeService" />
		<property name="serviceName" value="cmsNativeService"></property>
	</bean>
	<bean id="cmsNativeClientService"
		class="com.yihaodian.mobile.hedwig.client.service.cms.CmsNativeClientService">
		<property name="cmsNativeServiceHessianCall">
			<ref bean="cmsNativeServiceHessianCall" />
		</property>
	</bean>

	<!-- 调查问卷 -->
	<bean id="surveyQuestionaireServiceHessianCall" parent="venusBaseHedwigBeanService">
		<property name="serviceInterface"
			value="com.yihaodian.mobile.service.survey.spi.SurveyQuestionaireService" />
		<property name="serviceName" value="surveyQuestionaireService"></property>
	</bean>
	<bean id="surveyQuestionaireClientService"
		class="com.yihaodian.mobile.hedwig.client.service.survey.SurveyQuestionaireClientService">
		<property name="surveyQuestionaireServiceHessianCall">
			<ref bean="surveyQuestionaireServiceHessianCall" />
		</property>
	</bean>

	<!-- 设备激活 反作弊 -->
	<bean id="appActivationServiceHessianCall" parent="venusBaseHedwigBeanService">
		<property name="serviceInterface"
			value="com.yihaodian.mobile.service.app.spi.AppActivationService" />
		<property name="serviceName" value="appActivationService"></property>
	</bean>
	<bean id="appActivationClientService"
		class="com.yihaodian.mobile.hedwig.client.service.app.AppActivationClientService">
		<property name="appActivationServiceHessianCall">
			<ref bean="appActivationServiceHessianCall" />
		</property>
	</bean>
	
	<!-- 新版首页接口 ：不用写两个配置，HedwigClientFactoryBean可以获取到指定接口-->
	<bean id="appIndexClientService" parent="venusBaseHedwigBeanService">
		<property name="serviceInterface"
			value="com.yihaodian.mobile.service.home.spi.AppIndexService" />
		<property name="serviceName" value="appIndexService"></property>
	</bean>
	
	<!-- app端购物车促销进度显示 -->
	<bean id="appCartServiceHessianCall" parent="venusBaseHedwigBeanService">
		<property name="serviceInterface"
			value="com.yihaodian.mobile.service.mobilecart.spi.AppCartService" />
		<property name="serviceName" value="appCartService"></property>
	</bean>
	<bean id="appCartClientService"
		class="com.yihaodian.mobile.hedwig.client.service.mobilecart.AppCartClientService">
		<property name="appCartServiceHessianCall">
			<ref bean="appCartServiceHessianCall" />
		</property>
	</bean>
	
	<!-- Venus测试HTTPS -->
	<bean id="venusHttpsCheckServiceHessianCall" parent="venusBaseHedwigBeanService">
		<property name="serviceInterface"
			value="com.yihaodian.mobile.service.facade.venus.VenusHttpsCheckService" />
		<property name="serviceName" value="venusHttpsCheckService"></property>
	</bean>
	
	<!-- app清单 -->
	<bean id="checklistServiceHessianCall" parent="venusBaseHedwigBeanService">
		<property name="serviceInterface"
			value="com.yihaodian.mobile.service.checklist.spi.ChecklistService" />
		<property name="serviceName" value="checklistService"></property>
	</bean>
	<bean id="checklistClientService"
		class="com.yihaodian.mobile.hedwig.client.service.checklist.ChecklistClientService">
		<property name="checklistServiceHessianCall">
			<ref bean="checklistServiceHessianCall" />
		</property>
	</bean>	
	
	
	<!--app首页广告-->
	<bean id="engAdServiceHessianCall" parent="venusBaseHedwigBeanService">
		<property name="serviceInterface"
			value="com.yihaodian.mobile.service.facade.business.advertisement.EngAdService" />
		<property name="serviceName" value="engAdService"></property>
	</bean>
	<bean id="engAdClientService"
		class="com.yihaodian.mobile.service.client.advertisement.service.impl.EngAdClientService">
		<property name="engAdServiceHessianCall">
			<ref bean="engAdServiceHessianCall" />
		</property>
	</bean>

	<!--秒杀队列-->
	<bean id="seckillQueueServiceHessianCall" parent="venusBaseHedwigBeanService">
		<property name="serviceInterface"
			value="com.yihaodian.mobile.service.seckill.spi.SeckillQueueService" />
		<property name="serviceName" value="seckillQueueService"></property>
	</bean>
	<bean id="seckillQueueClientService"
		class="com.yihaodian.mobile.hedwig.client.service.seckill.SeckillQueueClientService">
		<property name="seckillQueueServiceHessianCall">
			<ref bean="seckillQueueServiceHessianCall" />
		</property>
	</bean>
	
	<!-- 促销游戏 -->
	<bean id="promotionGameHessianCall" parent="venusBaseHedwigBeanService">
		<property name="serviceInterface"
			value="com.yihaodian.mobile.hedwig.push.spi.IPromotionGameService" />
		<property name="serviceName" value="promotionGameService"></property>
	</bean>
	
	<!-- 口令接口-->
	<bean id="commandServiceHessianCall" parent="venusBaseHedwigBeanService">
		<property name="serviceInterface"
			value="com.yihaodian.mobile.service.facade.business.command.ICommandService" />
		<property name="serviceName" value="commandService"></property>
	</bean>
	<bean id="commandClientService"
		class="com.yihaodian.mobile.hedwig.client.service.command.CommandClientService">
		<property name="commandServiceHessianCall">
			<ref bean="commandServiceHessianCall" />
		</property>
	</bean>
	
	<!-- 领券中心接口-->
	<bean id="voucherServiceHessianCall" parent="venusBaseHedwigBeanService">
		<property name="serviceInterface"
			value="com.yihaodian.mobile.service.facade.business.voucher.IVoucherService" />
		<property name="serviceName" value="voucherService"></property>
	</bean>
	<bean id="voucherClientService"
		class="com.yihaodian.mobile.hedwig.client.service.voucher.VoucherClientService">
		<property name="voucherServiceHessianCall">
			<ref bean="voucherServiceHessianCall" />
		</property>
	</bean>
	
	<!--全球进口频道页-->
	<bean id="globalImportProductHessianCall" parent="venusBaseHedwigBeanService">
		<property name="serviceInterface"
			value="com.yihaodian.mobile.service.channel.spi.GlobalImportProductService" />
		<property name="serviceName" value="globalImportService"></property>
	</bean>
	<bean id="globalImportProductClientService"
		class="com.yihaodian.mobile.hedwig.client.service.channal.GlobalImportProductClientService">
		<property name="globalImportProductHessianCall">
			<ref bean="globalImportProductHessianCall" />
		</property>
	</bean>
	
	<!--品质厨房频道页-->
	<bean id="qualityKitchenServiceHessianCall" parent="venusBaseHedwigBeanService">
		<property name="serviceInterface"
			value="com.yihaodian.mobile.service.channel.spi.QualityKitchenService" />
		<property name="serviceName" value="qualityKitchenService"></property>
	</bean>
	<bean id="qualityKitchenClientService"
		class="com.yihaodian.mobile.hedwig.client.service.channal.QualityKitchenClientService">
		<property name="qualityKitchenServiceHessianCall">
			<ref bean="qualityKitchenServiceHessianCall" />
		</property>
	</bean>
	
	
	<!-- 新版首页广告接口-->
	<bean id="adIndexClientService" parent="venusBaseHedwigBeanService">
		<property name="serviceInterface" value="com.yihaodian.mobile.service.home.spi.AdIndexService" />
		<property name="serviceName" value="adIndexService"></property>
	</bean>
	
	<!-- 频道页爱上新接口-->
	<bean id="newFavoriteClientService" parent="venusBaseHedwigBeanService">
		<property name="serviceInterface" value="com.yihaodian.mobile.service.channel.spi.NewFavoriteService" />
		<property name="serviceName" value="newFavoriteService"></property>
	</bean>
	
	<!-- 频道页耍大牌接口-->
	<bean id="bigNameClientService" parent="venusBaseHedwigBeanService">
		<property name="serviceInterface" value="com.yihaodian.mobile.service.channel.spi.BigNameService" />
		<property name="serviceName" value="bigNameService"></property>
	</bean>
	
	<!-- 关注2期 -->
	<bean id="followClientService" parent="venusBaseHedwigBeanService">
		<property name="serviceInterface" value="com.yihaodian.mobile.hedwig.push.spi.FollowService" />
		<property name="serviceName" value="followService"></property>
	</bean>

	<!-- 精准化排行榜 -->
	<bean id="pmsRankClientService" parent="venusBaseHedwigBeanService">
		<property name="serviceInterface" value="com.yihaodian.mobile.service.facade.business.pmsrank.PmsRankService" />
		<property name="serviceName" value="pmsRankService"></property>
	</bean>
	
	<!-- 第二首页接口-->
	<bean id="extIndexClientService" parent="venusBaseHedwigBeanService">
		<property name="serviceInterface" value="com.yihaodian.mobile.service.home.spi.ExtIndexService" />
		<property name="serviceName" value="extIndexService"></property>
	</bean>
	<!-- 扩展配置接口-->
	<bean id="extConfigClientService" parent="venusBaseHedwigBeanService">
		<property name="serviceInterface" value="com.yihaodian.mobile.service.home.spi.ExtConfigService" />
		<property name="serviceName" value="extConfigService"></property>
	</bean>
	<!-- 城市精选首页接口-->
	<bean id="cityIndexClientService" parent="venusBaseHedwigBeanService">
		<property name="serviceInterface" value="com.yihaodian.mobile.service.home.spi.CityIndexService" />
		<property name="serviceName" value="cityIndexService"></property>
	</bean>
	
	<!-- 城市精选频道落地页-->
	<bean id="cityChannelPageClientService" parent="venusBaseHedwigBeanService">
		<property name="serviceInterface" value="com.yihaodian.mobile.service.channel.spi.CityChannelPageService" />
		<property name="serviceName" value="cityChannelPageService"></property>
	</bean>
	
</beans>