<?xml version="1.0" encoding="UTF-8"?>
<beans xmlns="http://www.springframework.org/schema/beans"
	xmlns:xsi="http://www.w3.org/2001/XMLSchema-instance" xmlns:aop="http://www.springframework.org/schema/aop"
	xmlns:util="http://www.springframework.org/schema/util"
	xsi:schemaLocation="http://www.springframework.org/schema/beans http://www.springframework.org/schema/beans/spring-beans-2.0.xsd
	http://www.springframework.org/schema/aop http://www.springframework.org/schema/aop/spring-aop-2.0.xsd 
	http://www.springframework.org/schema/util http://www.springframework.org/schema/util/spring-util-2.0.xsd ">

	<import resource="centralmobile-hedwig/applicationContext-hedwig-client.xml"/>
	
	<bean id="dispatchAdapterService" class="com.yihaodian.mobile.service.client.adapter.service.impl.DispatchAdapterService" init-method="serviceInit"/>

	<!-- 通用匹配适配器配置 -->
	<bean id="mobileservice_dispatchAdapter"
		class="com.yihaodian.mobile.service.client.adapter.DispatchAdapter">
		<property name="urlMappingPath">
			<value>/mobileservice/*</value>
		</property>
		<property name="checkUserToken">
			<value>true</value>
		</property>
		<property name="dispatchAdapterService" ref="dispatchAdapterService"></property>
	</bean>
	
	<!-- 英文app -->
	<bean id="yhden_dispatchAdapter"
		class="com.yihaodian.mobile.service.client.adapter.DispatchAdapter">
		<property name="urlMappingPath">
			<value>/yhden/mobileservice/*</value>
		</property>
		<property name="checkUserToken">
			<value>true</value>
		</property>
		<property name="dispatchAdapterService" ref="dispatchAdapterService"></property>
	</bean>
	
	<!-- 购物清单app -->
	<bean id="checklist_dispatchAdapter"
		class="com.yihaodian.mobile.service.client.adapter.DispatchAdapter">
		<property name="urlMappingPath">
			<value>/wishlist/mobileservice/*</value>
		</property>
		<property name="checkUserToken">
			<value>true</value>
		</property>
		<property name="dispatchAdapterService" ref="dispatchAdapterService"></property>
	</bean>
  
</beans>